state,electoral_vote,landon,landon_1932_rep,landon_1932_dem,landon_1932_soc,landon_1932_others,landon_1932_did_not_vote,landon_1932_vote_not_indicated,roosevelt,roosevelt_1932_rep,roosevelt_1932_dem,roosevelt_1932_soc,roosevelt_1932_others,roosevelt_1932_did_not_vote,roosevelt_1932_vote_not_indicated,lemke,lemke_1932_rep,lemke_1932_dem,lemke_1932_soc,lemke_1932_others,lemke_1932_did_not_vote,lemke_1932_vote_not_indicated,thomas,browder,colvin,aiken,others_minor,minor_total,grand_total,electoral_votes_total,roosevelt_votes,roosevelt_pct,roosevelt_electoral_votes,landon_votes,landon_pct,landon_electoral_votes,lemke_votes,lemke_pct,lemke_electoral_votes,thomas_votes,thomas_pct,thomas_electoral_votes,other_votes,other_pct,other_electoral_votes,margin,margin_pct,total_votes,state_abbr,landon_share_total,roosevelt_share_total,landon_share_two_party,roosevelt_share_two_party,actual_landon_share,actual_roosevelt_share,landon_error,roosevelt_error,absolute_landon_error
Alabama,11,3060,1218,1298,3,3,412,126,10082,371,8530,50,1,736,394,68,5,49,4,0,4,6,33,3,27,0,0,63,13273,11,238136,86.38,11,35358,12.82,0,551,0.2,0,242,0.09,0,1397,0.51,0,202838,73.56,275244,AL,0.2305432080162736,0.759587131771265,0.2328412722568863,0.7671587277431137,0.1292825436755468,0.8707174563244532,0.1035587285813395,-0.10355872858133952,0.1035587285813395
Arizona,3,2337,1431,647,18,0,129,112,1975,248,1555,33,0,70,69,104,22,52,8,0,10,12,22,24,14,0,0,60,4476,3,86722,69.85,3,33433,26.93,0,3307,2.66,0,317,0.26,0,384,0.31,0,53289,42.92,124163,AZ,0.5221179624664879,0.4412421805183199,0.5419758812615956,0.4580241187384044,0.2782489284673963,0.7217510715326038,0.2637269527941993,-0.2637269527941994,0.2637269527941993
Arkansas,9,2724,1338,953,7,9,274,143,7608,228,6655,16,8,373,328,138,14,98,4,3,9,10,37,5,21,2,5,70,10540,9,146765,81.8,9,32039,17.86,0,4,0,0,446,0.25,0,169,0.09,0,114726,63.94,179423,AR,0.2584440227703984,0.7218216318785579,0.2636469221835075,0.7363530778164924,0.1791850294176864,0.8208149705823136,0.08446189276582108,-0.08446189276582117,0.08446189276582108
California,22,89516,65360,16200,315,53,3519,4069,77245,15165,53520,1816,63,3578,3103,4977,1620,2560,117,25,163,492,728,967,398,44,60,2197,173935,22,1766836,66.95,22,836431,31.7,0,-,-,0,11331,0.43,0,24284,0.92,0,930405,35.26,2638882,CA,0.5146520251818208,0.4441026820363929,0.5367921756285943,0.4632078243714058,0.32130050432783114,0.6786994956721688,0.21549167130076313,-0.21549167130076302,0.21549167130076313
Colorado,6,15949,11872,2714,131,12,637,583,10025,1747,7256,284,13,439,286,579,136,333,29,2,26,53,122,49,41,10,11,233,26786,6,295021,60.37,6,181267,37.09,0,9962,2.04,0,1593,0.33,0,841,0.17,0,113754,23.28,488684,CO,0.595422982154857,0.3742626745314716,0.614037114037114,0.3859628859628859,0.38058275665143776,0.6194172433485622,0.23345435738567627,-0.23345435738567627,0.23345435738567627
Connecticut,8,28809,22939,3376,111,7,1230,1146,13413,2584,9113,408,6,788,514,1489,245,1006,53,3,70,112,258,101,39,31,11,440,44151,8,382129,55.32,8,278685,40.35,0,21805,3.16,0,5683,0.82,0,2421,0.35,0,103444,14.98,690723,CT,0.6525107019093566,0.3037983284636814,0.682322012221117,0.317677987778883,0.42172986649798583,0.5782701335020142,0.26059214572313116,-0.26059214572313116,0.26059214572313116
Delaware,3,2918,2343,328,9,0,134,104,2048,503,1345,34,0,96,70,35,6,19,3,0,2,5,16,2,8,0,1,27,5028,3,69702,54.62,3,57236,44.85,0,442,0.35,0,172,0.13,0,51,0.04,0,12466,9.77,127603,DE,0.5803500397772474,0.4073190135242641,0.5875956504228755,0.4124043495771244,0.45089728844002586,0.5491027115599741,0.13669836198284968,-0.13669836198284974,0.13669836198284968
Florida,7,6087,3121,2051,13,5,594,303,8620,635,6924,41,0,614,406,195,37,116,6,2,12,22,58,22,31,6,2,119,15021,7,249117,76.1,7,78248,23.9,0,-,-,0,-,-,0,-,-,0,170869,52.2,327365,FL,0.4052326742560415,0.5738632581053192,0.4138845447745971,0.5861154552254029,0.2390237197012509,0.7609762802987491,0.1748608250733462,-0.17486082507334622,0.1748608250733462
Georgia,12,3948,1239,1817,5,11,708,168,12915,379,10377,42,9,1569,539,35,3,23,1,0,6,2,45,12,27,0,17,101,16999,12,255364,87.1,12,36942,12.6,0,141,0.05,0,68,0.02,0,660,0.23,0,218422,74.5,293175,GA,0.2322489558209306,0.7597505735631508,0.2341220423412204,0.7658779576587795,0.1263812579967568,0.8736187420032432,0.10774078434446357,-0.10774078434446366,0.10774078434446357
Idaho,4,3653,2672,698,9,8,103,163,2611,398,1989,30,8,89,97,224,69,109,8,11,9,18,34,3,17,1,3,58,6546,4,125683,62.96,4,66256,33.19,0,7678,3.85,0,-,-,0,-,-,0,59427,29.77,199617,ID,0.5580507179957226,0.398869538649557,0.5831736909323116,0.4168263090676883,0.34519300402732117,0.6548069959726788,0.23798068690499047,-0.23798068690499047,0.23798068690499047
Illinois,29,123297,85112,25885,573,69,6506,5152,79035,14793,54612,1542,57,4790,3241,6415,1172,4219,169,17,304,534,807,891,199,52,38,1987,210734,29,2282999,57.7,29,1570393,39.69,0,89439,2.26,0,7530,0.19,0,6161,0.16,0,712606,18.01,3956522,IL,0.5850835650630652,0.3750462668577448,0.6093796334736967,0.3906203665263033,0.40753523129751656,0.5924647687024834,0.20184440217618016,-0.20184440217618016,0.20184440217618016
Indiana,14,42805,31913,7644,134,49,1290,1775,26663,4513,20247,302,22,719,860,2166,476,1352,64,11,73,190,215,69,158,13,12,467,72101,14,934974,56.63,14,691570,41.89,0,19407,1.18,0,3856,0.23,0,1090,0.07,0,243404,14.74,1650897,IN,0.5936810862540048,0.3698006962455444,0.6161829907295445,0.3838170092704555,0.42517755437295274,0.5748224456270473,0.19100543635659178,-0.19100543635659184,0.19100543635659178
Iowa,11,31871,22823,6164,135,26,1272,1451,18614,3190,13611,258,14,829,712,2829,560,1831,86,11,88,253,177,47,107,13,5,349,53663,11,621756,54.41,11,487977,42.7,0,29687,2.6,0,1373,0.12,0,1940,0.17,0,133779,11.71,1142733,IA,0.59391014292902,0.3468684195814621,0.6312964246805982,0.3687035753194018,0.4397246905336689,0.5602753094663311,0.1915717341469293,-0.1915717341469293,0.1915717341469293
Kansas,9,35408,25315,6489,147,15,1466,1976,20254,4182,14121,257,11,846,837,902,226,482,52,1,43,98,156,38,107,4,3,308,56872,9,464520,53.67,9,397727,45.95,0,497,0.06,0,2770,0.32,0,-,-,0,66793,7.72,865014,KS,0.6225910817273879,0.3561330707553805,0.636125184147174,0.363874815852826,0.46126805892047174,0.5387319410795283,0.17485712522670227,-0.17485712522670227,0.17485712522670227
Kentucky,11,13365,8957,2939,35,14,793,627,16592,1586,13594,95,6,703,608,732,69,554,24,0,31,54,77,23,61,4,7,172,30861,11,541944,58.51,11,369702,39.92,0,12501,1.35,0,632,0.07,0,1424,0.15,0,172242,18.6,926203,KY,0.4330708661417323,0.5376364991413111,0.4461394665687485,0.5538605334312514,0.40553241060674866,0.5944675893932513,0.040607055961999816,-0.04060705596199987,0.040607055961999816
Louisiana,10,3686,1366,1742,9,3,384,182,7902,445,6401,39,0,697,320,841,35,667,23,2,55,59,85,28,37,0,6,156,12585,10,292894,88.82,10,36791,11.16,0,-,-,0,-,-,0,93,0,0,256103,77.66,329778,LA,0.2928883591577274,0.6278903456495828,0.3180876769071453,0.6819123230928547,0.11159440071583482,0.8884055992841652,0.20649327619131047,-0.20649327619131053,0.20649327619131047
Maine,5,11742,8619,1567,25,35,713,783,5337,635,3820,41,1,289,551,418,64,277,3,2,42,30,53,11,8,2,5,79,17576,5,126333,41.52,0,168823,55.49,5,7581,2.49,0,783,0.26,0,720,0.24,0,-42490,-13.97,304240,ME,0.6680700955848885,0.303652708238507,0.6875109783945196,0.3124890216054804,0.5719788857417772,0.42802111425822276,0.11553209265274234,-0.11553209265274234,0.11553209265274234
Maryland,8,17463,9754,4685,110,2,1479,1433,18341,1891,13540,328,5,1366,1211,614,56,422,22,1,34,79,132,80,30,11,5,258,36676,8,389612,62.35,8,231435,37.04,0,-,-,0,1629,0.26,0,2220,0.36,0,158177,25.31,624896,MD,0.4761424364707165,0.5000817973606718,0.4877388001340632,0.5122611998659368,0.3726529554123923,0.6273470445876077,0.11508584472167088,-0.11508584472167094,0.11508584472167088
Massachusetts,17,87449,70567,10105,330,31,3213,3203,25965,5141,17499,744,16,1635,930,5415,1002,3670,133,3,236,371,544,310,72,42,32,1000,119829,17,942716,51.22,17,768613,41.76,0,118639,6.45,0,5111,0.28,0,5278,0.29,0,174103,9.46,1840357,MA,0.7297816054544393,0.2166837743784893,0.7710600102280142,0.2289399897719858,0.44913222413691345,0.5508677758630866,0.32192778609110073,-0.32192778609110073,0.32192778609110073
Michigan,19,51478,38526,8665,287,22,2113,1865,25686,5114,17402,748,26,1472,924,3376,680,2145,128,4,130,289,527,151,118,20,4,820,81360,19,1016794,56.33,19,699733,38.76,0,75795,4.2,0,8208,0.45,0,4568,0.25,0,317061,17.56,1805098,MI,0.6327187807276303,0.3157079646017699,0.6671245658597273,0.3328754341402726,0.40764462196050516,0.5923553780394949,0.2594799438992222,-0.2594799438992223,0.2594799438992222
Minnesota,11,30762,22386,5958,109,3,972,1334,20733,3699,14855,511,22,861,785,5426,804,3893,115,14,157,443,375,163,185,29,12,764,57685,11,698811,61.84,11,350461,31.01,0,74296,6.58,0,2872,0.25,0,3535,0.31,0,348350,30.83,1129975,MN,0.5332755482361099,0.3594175262199878,0.5973783862510923,0.4026216137489076,0.33400395702925456,0.6659960429707454,0.26337442922183774,-0.26337442922183785,0.26337442922183774
Mississippi,9,848,269,394,1,0,137,47,6080,88,5396,8,1,298,289,43,5,32,1,0,2,3,18,6,16,0,1,41,7012,9,157318,97.06,9,4443,2.74,0,-,-,0,329,0.2,0,-,-,0,152875,94.31,162090,MS,0.1209355390758699,0.8670849971477467,0.1224018475750577,0.8775981524249422,0.02746644741315892,0.972533552586841,0.09493540016189879,-0.09493540016189883,0.09493540016189879
Missouri,15,50022,33551,11149,244,45,2975,2058,38267,4463,30608,455,15,1485,1241,2368,322,1680,73,4,122,167,468,97,103,16,13,697,91354,15,1111043,60.76,15,697891,38.16,0,14630,0.8,0,3454,0.19,0,1617,0.09,0,413152,22.59,1828635,MO,0.547562230444206,0.4188869671826083,0.5665711470285086,0.4334288529714913,0.3858023565259982,0.6141976434740019,0.18076879050251043,-0.18076879050251055,0.18076879050251043
Montana,4,4490,3336,828,23,0,139,164,3562,660,2517,94,1,151,139,212,57,108,12,1,6,28,58,10,18,0,2,88,8352,4,159690,69.28,4,63598,27.59,0,5549,2.41,0,1066,0.46,0,609,0.26,0,96092,41.69,230512,MT,0.537595785440613,0.4264846743295019,0.557625434674615,0.442374565325385,0.28482497939880336,0.7151750206011966,0.27280045527581165,-0.27280045527581165,0.27280045527581165
Nebraska,7,18280,12436,4241,100,7,685,811,11770,1677,9045,177,2,418,451,862,157,594,31,2,18,60,79,34,42,1,4,160,31072,7,347445,57.14,7,247731,40.74,0,12847,2.11,0,-,-,0,-,-,0,99714,16.4,608023,NE,0.5883110195674562,0.37879763130793,0.6083194675540765,0.3916805324459234,0.4162315012702125,0.5837684987297875,0.192087966283864,-0.19208796628386415,0.192087966283864
Nevada,3,1003,658,272,0,0,36,37,955,163,716,2,0,42,32,36,9,22,0,0,4,1,9,5,3,1,1,19,2013,3,31925,72.81,3,11923,27.19,0,-,-,0,-,-,0,-,-,0,20002,45.62,43848,NV,0.49826130153999,0.4744162940884252,0.5122574055158324,0.4877425944841675,0.2719166210545521,0.728083378945448,0.24034078446128032,-0.24034078446128043,0.24034078446128032
New Hampshire,4,9207,7504,1072,21,0,253,357,2737,479,1984,51,1,114,108,372,84,238,8,0,18,24,56,17,13,0,0,86,12402,4,108460,49.73,4,104642,47.98,0,4819,2.21,0,-,-,0,193,0.09,0,3818,1.75,218114,NH,0.7423802612481858,0.220690211256249,0.7708472873409243,0.2291527126590757,0.491041848504472,0.5089581514955279,0.2798054388364523,-0.27980543883645226,0.2798054388364523
New Jersey,16,58677,45361,8625,251,17,2383,2040,27631,5495,18642,1032,14,1548,900,2444,442,1633,89,1,104,175,601,367,87,23,24,1102,89854,16,1083850,59.54,16,720322,39.57,0,9407,0.52,0,3931,0.22,0,2927,0.16,0,364128,19.97,1820437,NJ,0.6530260199879805,0.3075099606027556,0.6798558650414793,0.3201441349585206,0.3992535079803921,0.6007464920196078,0.2806023570610872,-0.2806023570610872,0.2806023570610872
New Mexico,3,1625,1003,444,7,1,80,90,1662,212,1290,24,0,70,66,54,13,33,1,2,2,3,12,3,7,0,0,22,3363,3,106037,62.69,3,61727,36.5,0,924,0.55,0,343,0.2,0,105,0.06,0,44310,26.2,169176,NM,0.4831995242343146,0.4942016057091882,0.494371767569212,0.5056282324307879,0.3679394864214015,0.6320605135785985,0.12643228114781047,-0.12643228114781058,0.12643228114781047
New York,47,162260,114574,33052,805,45,7125,6659,139277,18241,99938,4101,141,10604,6252,14656,2106,10414,303,20,670,1143,2404,4372,364,138,164,7442,323635,47,3293222,58.85,47,2180670,38.97,0,-,-,0,86897,1.55,0,35609,0.64,0,1112552,19.88,5596398,NY,0.5013672810419145,0.4303520941801721,0.5381097510421606,0.4618902489578393,0.39837651163011617,0.6016234883698838,0.13973323941204446,-0.13973323941204446,0.13973323941204446
North Carolina,13,6113,3532,1656,33,5,580,307,16324,820,13778,119,6,946,655,35,5,20,3,0,4,3,56,11,48,2,4,121,22593,13,616141,73.4,13,223283,26.6,0,2,0,0,21,0,0,17,0,0,392858,46.8,839464,NC,0.2705705306953481,0.722524675784535,0.2724517537995276,0.7275482462004724,0.265995492146996,0.734004507853004,0.0064562616525315475,-0.0064562616525315475,0.0064562616525315475
North Dakota,4,4250,2787,1157,15,1,108,182,3666,694,2679,30,2,97,164,1111,192,743,32,5,29,110,41,13,32,0,1,87,9114,4,163148,59.6,4,72751,26.58,0,36708,13.41,0,552,0.2,0,557,0.2,0,90397,33.03,273716,ND,0.4663155584814571,0.402238314680711,0.5368873168266801,0.4631126831733199,0.3083989334418544,0.6916010665581457,0.22848838338482574,-0.2284883833848258,0.22848838338482574
Ohio,26,77896,58232,13391,420,66,2747,3040,50778,9465,35864,1315,38,2454,1642,8156,1580,5389,249,14,375,549,590,325,247,65,24,1251,138081,26,1747140,57.99,26,1127855,37.44,0,132212,4.39,0,117,0,0,5265,0.17,0,619285,20.56,3012589,OH,0.5641326467797887,0.3677406739522454,0.6053748231966054,0.3946251768033946,0.3922980735618671,0.6077019264381329,0.21307674963473833,-0.21307674963473833,0.21307674963473833
Oklahoma,11,14442,8393,4260,29,3,1050,707,15075,1289,12389,53,2,687,655,217,36,143,10,0,9,19,134,24,65,11,3,237,29971,11,501069,66.83,11,245122,32.69,0,-,-,0,2221,0.3,0,1328,0.18,0,255947,34.14,749740,OK,0.4818658036101564,0.5029862200126789,0.4892773655859335,0.5107226344140665,0.3284976634668604,0.6715023365331396,0.1607797021190731,-0.1607797021190731,0.1607797021190731
Oregon,5,11747,8593,2014,72,6,521,541,10951,1966,7666,298,7,567,447,655,196,313,46,7,30,63,164,48,74,13,12,311,23664,5,266733,64.42,5,122706,29.64,0,21831,5.27,0,2143,0.52,0,608,0.15,0,144027,34.79,414021,OR,0.4964080459770115,0.4627704530087897,0.5175345845448939,0.4824654154551062,0.3150840054539992,0.6849159945460008,0.20245057909089464,-0.20245057909089464,0.20245057909089464
Pennsylvania,36,119086,86433,20097,543,115,6461,5437,81114,14502,56082,1340,55,5733,3402,7507,1121,5089,187,11,467,632,1051,608,367,63,32,2121,209828,36,2353987,56.88,36,1690200,40.84,0,67468,1.63,0,14599,0.35,0,12172,0.29,0,663787,16.04,4138426,PA,0.5675410336084793,0.3865737651790991,0.5948351648351649,0.4051648351648351,0.41793319646198357,0.5820668035380164,0.17690196837318128,-0.17690196837318134,0.17690196837318128
Rhode Island,4,10401,8165,1269,32,5,511,419,3489,600,2470,90,0,208,121,794,148,545,12,3,31,55,68,43,15,7,1,134,14818,4,165238,53.1,4,125031,40.18,0,19569,6.29,0,-,-,0,1340,0.43,0,40207,12.92,311178,RI,0.7019165879335942,0.2354568767714941,0.7488120950323974,0.2511879049676025,0.4307418291309096,0.5692581708690904,0.31807026590148785,-0.31807026590148785,0.31807026590148785
South Carolina,8,1247,216,658,2,0,300,71,7105,101,5943,6,6,701,348,20,2,11,1,0,2,4,12,13,22,0,7,54,8426,8,113791,98.57,8,1646,1.43,0,-,-,0,-,-,0,-,-,0,112145,97.15,115437,SC,0.1479943033467837,0.8432233562781866,0.1493055555555555,0.8506944444444444,0.014258859810979149,0.9857411401890208,0.13504669574457634,-0.1350466957445764,0.13504669574457634
South Dakota,4,8483,5712,2096,42,14,248,371,4507,859,3314,46,5,125,158,770,122,539,20,10,20,59,43,26,24,2,3,98,13858,4,160137,54.02,4,125977,42.49,0,10338,3.49,0,-,-,0,-,-,0,34160,11.52,296472,SD,0.6121373935632848,0.3252273055274931,0.6530408006158583,0.3469591993841416,0.4403035153819806,0.5596964846180194,0.21273728523387775,-0.21273728523387775,0.21273728523387775
Tennessee,11,9883,5785,2354,29,31,1178,506,19829,1419,15510,128,33,1938,801,100,14,63,2,0,12,9,81,19,64,2,0,166,29978,11,328083,68.85,11,146520,30.75,0,296,0.06,0,686,0.14,0,953,0.2,0,181563,38.1,476538,TN,0.3296750950697178,0.6614517312695977,0.332626548196015,0.6673734518039849,0.308721183810469,0.691278816189531,0.023905364385546024,-0.023905364385546135,0.023905364385546024
Texas,23,15341,6302,6774,43,3,1559,660,37501,1860,31262,149,5,2668,1557,558,58,417,13,1,28,41,187,49,87,9,14,346,53746,23,734485,87.08,23,103874,12.31,0,3281,0.39,0,1075,0.13,0,767,0.09,0,630611,74.76,843482,TX,0.2854351951773155,0.6977449484612809,0.2903183074069869,0.7096816925930132,0.12390157438519775,0.8760984256148022,0.16641673302178914,-0.16641673302178905,0.16641673302178914
Utah,4,4067,2906,851,21,1,155,133,5318,954,3935,69,8,189,163,119,30,65,8,0,5,11,43,14,12,0,5,74,9578,4,150246,69.34,4,64555,29.79,0,1121,0.52,0,432,0.2,0,323,0.15,0,85691,39.55,216677,UT,0.4246189183545625,0.5552307371058676,0.4333510921683537,0.5666489078316462,0.30053398261646824,0.6994660173835318,0.13281710955188547,-0.13281710955188553,0.13281710955188547
Vermont,3,7241,5829,822,20,2,239,329,2458,498,1756,37,0,84,83,174,48,90,2,0,18,16,41,6,13,1,2,63,9936,3,62124,43.24,0,81023,56.39,3,-,-,0,-,-,0,542,0.38,0,-18899,-13.15,143689,VT,0.7287640901771336,0.2473832528180354,0.7465718115269615,0.2534281884730384,0.5660125605147156,0.43398743948528434,0.1805592510122459,-0.18055925101224596,0.1805592510122459
Virginia,11,10223,5696,2848,57,18,1194,410,16783,1121,13346,141,14,1517,644,74,17,37,4,0,8,8,88,33,60,3,4,188,27268,11,234980,70.23,11,98336,29.39,0,233,0.07,0,313,0.09,0,728,0.22,0,136644,40.84,334590,VA,0.3749083174416899,0.6154833504474109,0.3785455084055395,0.6214544915944605,0.29502334121374313,0.7049766587862569,0.08352216719179639,-0.08352216719179639,0.08352216719179639
Washington,8,21370,14841,4800,67,30,806,826,15300,2281,11423,278,53,709,556,683,170,374,28,27,31,53,190,136,91,23,14,454,37807,8,459579,66.38,8,206892,29.88,0,17463,2.52,0,3496,0.5,0,4908,0.71,0,252687,36.5,692338,WA,0.5652392414103209,0.4046869627317692,0.5827652031633488,0.4172347968366512,0.31042911094406206,0.6895708890559379,0.27233609221928673,-0.2723360922192867,0.27233609221928673
West Virginia,8,13660,10060,2589,30,15,424,542,10235,1278,8229,52,11,305,360,199,51,119,4,1,11,13,63,7,41,1,4,116,24210,8,502582,60.56,8,325358,39.2,0,-,-,0,832,0.1,0,1173,0.14,0,177224,21.35,829945,WV,0.5642296571664601,0.4227591904171829,0.5716677129106508,0.4283322870893492,0.392972920743049,0.607027079256951,0.17869479216760176,-0.1786947921676018,0.17869479216760176
Wisconsin,12,33796,22587,8495,157,12,1142,1403,20781,3144,15578,582,4,799,674,3642,412,2717,118,0,110,285,686,160,97,10,6,959,59178,12,802984,63.8,12,380828,30.26,0,60297,4.79,0,10626,0.84,0,3825,0.3,0,422156,33.54,1258560,WI,0.5710906079962148,0.3511609043901449,0.6192352089708119,0.3807647910291881,0.3216963504340216,0.6783036495659783,0.29753885853679024,-0.29753885853679024,0.29753885853679024
Wyoming,3,2526,1830,510,15,1,83,87,1533,242,1144,27,1,63,56,78,22,46,1,1,4,4,11,2,2,0,0,15,4152,3,62624,60.58,3,38739,37.47,0,1653,1.6,0,200,0.19,0,166,0.16,0,23885,23.1,103382,WY,0.6083815028901735,0.3692196531791907,0.6223207686622321,0.3776792313377679,0.382180874678137,0.617819125321863,0.24013989398409508,-0.24013989398409513,0.24013989398409508
